site_id,site_code,nominal_lat,nominal_lon,nominal_source,medoid_lat,medoid_lon,n_obs,n_unique_coords,first_obs,last_obs,spread_median_km,spread_p95_km,spread_max_km,n_far_from_nominal,nearest_grid_code,nearest_grid_km,n_position_clusters,series_ids,same_day_conflicts,review_notes
SITE_001,8S165E,-8.0,165.0,tao_grid,-7.98,164.97,2285,65,1991-08-11,1998-06-22,3.982,20.312,56.788,2,8S165E,4.0,1,71,0,
SITE_002,8S180,-8.0,180.0,tao_grid,-7.98,-179.86,1663,65,1993-11-21,1998-06-22,15.773,19.015,21.04,0,8S180,15.6,1,73,0,
SITE_003,8S170W,-8.0,-170.0,tao_grid,-8.01,-170.04,2133,50,1992-08-21,1998-06-23,4.405,6.7,11.233,0,8S170W,4.5,1,72,0,
SITE_004,8S155W,-8.0,-155.0,tao_grid,-8.28,-154.97,2227,65,1992-03-15,1998-06-15,31.309,32.713,36.958,0,8S155W,31.3,1,70,0,
SITE_005,8S125W,-8.0,-125.0,tao_grid,-7.98,-125.01,2076,65,1992-09-22,1998-06-22,3.336,4.963,38.92,0,8S125W,2.5,1,69,0,
SITE_006,8S110W,-8.0,-110.0,tao_grid,-8.04,-109.93,2788,57,1985-11-15,1998-06-22,9.503,13.316,14.879,0,8S110W,8.9,1,68,0,
SITE_007,8S95W,-8.0,-95.0,tao_grid,-8.02,-95.09,1401,41,1994-08-14,1998-06-15,10.156,13.26,14.698,0,8S95W,10.2,1,74,0,
SITE_008,5S156E,-5.0,156.0,tao_grid,-5.0,156.01,2090,51,1991-08-26,1998-01-20,2.215,4.568,7.848,0,5S156E,1.1,1,53,0,
SITE_009,5S165E,-5.0,165.0,tao_grid,-4.99,165.15,3485,226,1987-01-29,1998-06-22,17.863,97.386,126.069,253,5S165E,16.7,1,54,0,
SITE_010,5S180,-5.0,180.0,tao_grid,-4.99,-179.93,1713,74,1993-03-25,1998-06-15,8.067,13.705,15.072,0,5S180,7.8,1,56,0,
SITE_011,5S170W,-5.0,-170.0,tao_grid,-5.0,-170.0,1975,41,1992-08-22,1998-06-22,2.479,3.504,5.546,0,5S170W,0.0,1,55,0,
SITE_012,5S155W,-5.0,-155.0,tao_grid,-4.99,-154.98,2517,58,1991-07-23,1998-06-15,2.485,5.649,8.067,0,5S155W,2.5,1,52,0,
SITE_013,5S140W,-5.0,-140.0,tao_grid,-5.0,-139.92,2791,77,1990-10-31,1998-06-21,8.931,11.133,18.273,0,5S140W,8.9,1,51,0,
SITE_014,5S125W,-5.0,-125.0,tao_grid,-5.02,-124.93,1941,81,1991-11-04,1998-06-20,10.513,15.071,19.939,0,5S125W,8.1,1,50,0,
SITE_015,5S110W,-5.0,-110.0,tao_grid,-4.98,-109.99,3962,96,1985-11-14,1998-06-20,3.515,21.768,23.916,0,5S110W,2.5,1,49,0,
SITE_016,5S95W,-5.0,-95.0,tao_grid,-5.01,-95.09,1499,90,1994-04-23,1998-05-30,10.031,22.182,23.369,0,5S95W,10.0,1,57,0,
SITE_017,2S156E,-2.0,156.0,tao_grid,-2.0,156.0,2304,97,1991-08-28,1998-06-20,1.572,23.363,26.671,0,2S156E,0.0,1,33,0,
SITE_018,2S180,-2.0,180.0,tao_grid,-1.99,-179.88,1890,76,1993-03-26,1998-06-15,13.382,18.991,20.761,0,2S180,13.4,1,36,0,
SITE_019,2S170W,-2.0,-170.0,tao_grid,-2.16,-170.03,2199,95,1992-03-10,1998-06-20,18.338,26.689,31.214,0,2S170W,18.1,1,35,0,
SITE_020,2S155W,-2.0,-155.0,tao_grid,-1.99,-155.0,2108,75,1991-07-22,1998-06-13,3.144,7.779,13.008,0,2S155W,1.1,1,32,0,
SITE_021,2S140W,-2.0,-140.0,tao_grid,-2.0,-139.97,3761,103,1986-06-13,1998-06-20,4.582,11.443,48.261,0,2S140W,3.3,1,31,0,
SITE_022,2S125W,-2.0,-125.0,tao_grid,-2.03,-124.9,2416,96,1991-11-05,1998-06-19,11.333,18.23,20.675,0,2S125W,11.6,1,30,0,
SITE_023,2S110W,-2.0,-110.0,tao_grid,-2.01,-109.99,4184,389,1985-06-05,1998-06-19,2.485,99.073,191.974,267,2S110W,1.6,1,29,0,
SITE_024,2S95W,-2.0,-95.0,tao_grid,-1.99,-95.01,1975,130,1992-11-14,1998-06-19,4.008,36.338,39.387,0,2S95W,1.6,1,37,0,
SITE_025,1.94S164.46E,-1.94,164.46,estimated_medoid,-1.94,164.46,4153,190,1985-07-05,1998-05-31,14.49,64.923,91.296,1443,2S164E,51.6,1,34,0,
SITE_026,0.5S166.92E,-0.5,166.92,estimated_medoid,-0.5,166.92,2830,1,1986-01-01,1994-07-29,0.0,0.0,0.0,0,0N167E,56.3,1,16,0,
SITE_027,0.18S124.41W,-0.18,-124.41,estimated_medoid,-0.18,-124.41,4466,350,1983-10-30,1998-06-12,10.49,35.6,41.202,0,0N124W,49.8,1,1,0,
SITE_028,0.02S160.55E,-0.02,160.55,estimated_medoid,-0.02,160.55,368,21,1992-05-10,1993-05-12,1.112,2.486,4.585,0,0N161E,50.1,1,9,0,
SITE_029,0.01S157.51E,-0.01,157.51,estimated_medoid,-0.01,157.51,460,15,1992-05-04,1993-12-16,1.112,1.605,24.055,0,0N158E,54.5,1,7;8,0,multiple_series
SITE_030,0N143E,0.0,143.0,tao_grid,0.0,142.98,433,24,1992-04-26,1994-05-04,3.336,4.448,7.033,0,0N143E,2.2,1,3,0,
SITE_031,0N147E,0.0,147.0,tao_grid,0.01,146.99,1155,90,1994-04-27,1998-06-13,5.56,34.255,35.894,0,0N147E,1.6,1,4,0,
SITE_032,0N154E,0.0,154.0,tao_grid,0.0,153.99,309,28,1992-05-06,1993-04-29,1.573,5.325,35.391,0,0N154E,1.1,1,5,0,
SITE_033,0N156E,0.0,156.0,tao_grid,0.01,156.06,2051,110,1991-08-29,1998-06-13,7.863,22.515,67.865,66,0N156E,6.8,2,7,0,merged_relocation
SITE_034,0N165E,0.0,165.0,tao_grid,0.0,165.0,3711,153,1986-04-21,1998-06-14,3.336,15.921,54.531,1,0N165E,0.0,1,10,0,
SITE_035,0N170E,0.0,170.0,tao_grid,0.05,169.99,476,173,1992-05-13,1993-09-16,5.67,101.699,132.335,79,0N170E,5.7,1,11,0,
SITE_036,0N180,0.0,180.0,tao_grid,0.03,-179.88,1815,96,1993-03-27,1998-06-14,13.527,16.973,25.792,0,0N180,13.8,1,13,0,
SITE_037,0N170W,0.0,-170.0,tao_grid,-0.03,-170.02,3544,103,1988-05-16,1998-06-14,5.988,56.884,58.975,1255,0N170W,4.0,2,12,0,merged_relocation
SITE_038,0N155W,0.0,-155.0,tao_grid,0.01,-155.0,2517,82,1991-07-21,1998-06-13,2.224,27.799,31.214,0,0N155W,1.1,1,6,0,
SITE_039,0N140W,0.0,-140.0,tao_grid,0.01,-139.99,4820,197,1983-04-16,1998-06-09,5.67,23.381,30.594,0,0N140W,1.6,1,2,0,
SITE_040,0N110W,0.0,-110.0,tao_grid,0.01,-109.98,5782,209,1980-03-07,1998-05-03,6.764,86.846,87.844,504,0N110W,2.5,2,0,0,merged_relocation
SITE_041,0N95W,0.0,-95.0,tao_grid,-0.02,-94.97,2369,192,1981-07-05,1998-06-13,10.252,125.709,128.928,279,0N95W,4.0,2,14,0,merged_relocation
SITE_042,0.2N176.48W,0.2,-176.48,estimated_medoid,0.2,-176.48,1127,1,1986-03-23,1989-10-05,0.0,0.0,0.0,0,0N176W,57.8,1,13,0,
SITE_043,1N154.83E,1.0,154.83,estimated_medoid,1.0,154.83,972,1,1989-05-26,1992-09-21,0.0,0.0,0.0,0,0N155E,112.8,1,15,0,
SITE_044,1.75N157.33W,1.75,-157.33,estimated_medoid,1.75,-157.33,2006,1,1985-04-01,1990-12-31,0.0,0.0,0.0,0,2N157W,46.0,1,24,0,
SITE_045,2N137E,2.0,137.0,tao_grid,2.03,137.03,1810,105,1992-04-22,1998-06-15,4.972,68.385,76.244,581,2N137E,4.7,2,19,0,merged_relocation
SITE_046,2N147E,2.0,147.0,tao_grid,1.99,147.0,1162,54,1990-02-17,1997-02-15,2.486,11.117,19.408,0,2N147E,1.1,1,21,0,
SITE_047,2N156E,2.0,156.0,tao_grid,2.01,156.02,1783,62,1991-08-30,1998-06-15,2.486,24.974,41.666,0,2N156E,2.5,1,23,0,
SITE_048,2N165E,2.0,165.0,tao_grid,2.0,165.01,3895,111,1985-07-09,1998-03-11,3.516,6.764,13.382,0,2N165E,1.1,1,25,0,
SITE_049,2N180,2.0,180.0,tao_grid,2.0,-179.84,1779,55,1993-03-28,1998-05-25,17.815,24.549,26.763,0,2N180,17.8,1,27,0,
SITE_050,2N170W,2.0,-170.0,tao_grid,1.97,-170.02,2000,85,1992-03-06,1998-06-17,4.585,7.858,10.063,0,2N170W,4.0,1,26,0,
SITE_051,2N155W,2.0,-155.0,tao_grid,2.0,-155.01,2369,111,1991-07-19,1998-06-15,4.582,11.115,44.047,0,2N155W,1.1,1,22,0,
SITE_052,2N140W,2.0,-140.0,tao_grid,1.99,-140.02,3641,297,1986-10-28,1998-06-15,4.007,92.404,127.802,280,2N140W,2.5,1,20,0,
SITE_053,2N125W,2.0,-125.0,tao_grid,1.96,-125.07,2093,146,1991-12-06,1998-06-13,8.961,32.304,37.092,0,2N125W,9.0,1,18,0,
SITE_054,2N110W,2.0,-110.0,tao_grid,2.04,-110.14,4201,216,1985-11-10,1998-06-10,16.521,85.568,98.099,410,2N110W,16.2,1,17,0,
SITE_055,2N95W,2.0,-95.0,tao_grid,1.98,-95.0,1360,108,1992-11-16,1998-06-15,3.336,39.907,55.174,9,2N95W,2.2,1,28,0,
SITE_056,5N137E,5.0,137.0,tao_grid,4.97,137.01,691,51,1993-04-30,1996-07-10,4.005,6.672,9.167,0,5N137E,3.5,1,40,0,
SITE_057,5N147E,5.0,147.0,tao_grid,4.98,147.02,2646,74,1990-02-19,1998-06-21,3.515,7.848,11.093,0,5N147E,3.1,1,42,0,
SITE_058,5N156E,5.0,156.0,tao_grid,5.0,156.06,2302,75,1991-08-31,1998-06-15,6.646,12.235,46.577,0,5N156E,6.6,1,44,0,
SITE_059,5N165E,5.0,165.0,tao_grid,5.03,165.0,3655,115,1988-02-02,1998-06-21,3.515,5.669,14.06,0,5N165E,3.3,1,45,0,
SITE_060,5N180,5.0,180.0,tao_grid,5.0,-179.89,1770,64,1993-03-29,1998-02-03,12.185,15.548,18.034,0,5N180,12.2,1,47,0,
SITE_061,5N170W,5.0,-170.0,tao_grid,4.98,-169.96,2216,55,1992-03-05,1998-06-21,4.568,9.137,11.415,0,5N170W,5.0,1,46,0,
SITE_062,5N155W,5.0,-155.0,tao_grid,5.0,-154.92,2530,69,1991-07-18,1998-06-21,8.931,13.339,16.653,0,5N155W,8.9,1,43,0,
SITE_063,5N140W,5.0,-140.0,tao_grid,5.01,-140.0,3307,165,1988-05-28,1998-06-20,5.552,21.326,29.932,0,5N140W,1.1,1,41,0,
SITE_064,5N125W,5.0,-125.0,tao_grid,5.11,-124.93,2157,133,1991-12-07,1998-06-20,14.907,40.455,43.588,0,5N125W,14.5,1,39,0,
SITE_065,5N110W,5.0,-110.0,tao_grid,5.02,-109.99,4122,132,1985-11-09,1998-06-19,4.584,8.931,22.91,0,5N110W,2.5,1,38,0,
SITE_066,5N95W,5.0,-95.0,tao_grid,5.04,-94.94,1504,96,1994-04-19,1998-06-14,10.513,46.438,48.522,0,5N95W,8.0,2,48,0,merged_relocation
SITE_067,6.72N137.64E,6.72,137.64,estimated_medoid,6.72,137.64,587,61,1994-12-07,1996-12-25,8.419,11.092,15.057,0,7N138E,50.5,1,58,0,
SITE_068,7N140W,7.0,-140.0,tao_grid,7.02,-140.11,907,68,1988-05-29,1991-04-29,12.929,18.795,19.99,0,7N140W,12.3,1,59,0,
SITE_069,7.01N147.48W,7.01,-147.48,estimated_medoid,7.01,-147.48,592,59,1988-11-28,1990-11-04,3.988,35.753,52.987,19,7N147W,53.0,2,60,0,merged_relocation
SITE_070,7.02N132.38W,7.02,-132.38,estimated_medoid,7.02,-132.38,542,73,1988-12-03,1990-10-12,7.784,41.997,41.997,0,7N132W,42.0,2,58,0,merged_relocation
SITE_071,8N156E,8.0,156.0,tao_grid,8.01,156.01,988,45,1994-12-18,1998-06-22,2.202,10.247,11.335,0,8N156E,1.6,1,63,0,
SITE_072,8N165E,8.0,165.0,tao_grid,8.02,165.02,3081,120,1989-07-16,1998-06-22,3.485,9.868,18.473,0,8N165E,3.1,1,64,0,
SITE_073,8N180,8.0,180.0,tao_grid,8.0,-179.88,1491,54,1993-11-30,1998-06-15,13.214,19.852,22.051,0,8N180,13.2,1,66,0,
SITE_074,8N170W,8.0,-170.0,tao_grid,8.0,-170.02,2127,57,1992-08-26,1998-06-22,3.303,5.617,8.879,0,8N170W,2.2,1,65,0,
SITE_075,8N155W,8.0,-155.0,tao_grid,7.96,-155.0,1740,58,1992-08-11,1998-06-15,4.448,6.672,41.987,0,8N155W,4.4,1,62,0,
SITE_076,8N125W,8.0,-125.0,tao_grid,8.03,-125.01,1921,86,1992-10-01,1998-05-15,3.513,17.525,27.427,0,8N125W,3.5,1,61,0,
SITE_077,8N110W,8.0,-110.0,tao_grid,8.05,-110.14,2427,55,1991-10-26,1998-06-21,16.044,19.239,20.584,0,8N110W,16.4,1,60,0,
SITE_078,8N95W,8.0,-95.0,tao_grid,8.05,-94.95,1256,49,1994-08-08,1998-06-22,7.994,10.194,33.7,0,8N95W,7.8,1,67,0,
SITE_079,9N140W,9.0,-140.0,tao_grid,8.99,-140.26,3608,109,1988-05-31,1998-06-15,28.577,36.516,37.755,0,9N140W,28.6,1,75,0,
