eps_km,min_obs,clusters,unassigned_obs,same_day_conflict_obs,series_split_across_clusters
2,10,227,2140,0,44
5,10,160,1556,0,26
10,10,132,1131,0,17
15,10,107,931,0,13
25,10,100,710,0,8
40,10,93,597,1,6
60,10,86,571,4,4
80,10,81,562,2568,3
100,10,77,562,3283,3
150,10,72,535,16072,3
2,30,207,3213,0,45
5,30,142,2024,0,27
10,30,114,1638,0,16
15,30,98,1368,0,14
25,30,87,1073,0,8
40,30,84,873,1,6
60,30,81,734,4,4
80,30,78,641,2568,3
100,30,75,640,3283,3
150,30,71,552,16072,3
2,100,185,6984,0,44
5,100,127,3137,0,27
10,100,103,2355,0,16
15,100,91,1944,0,12
25,100,86,1570,0,9
40,100,83,1060,1,7
60,100,80,832,1,4
80,100,78,734,202,3
100,100,75,702,3283,3
150,100,71,575,16049,3
